Scientific_Name,Common_Name,LocalScale_Agriculture,LocalScale_Forestry,LocalScale_Energy,LocalScale_Urban/Industrial,LocalScale_Transportation,Total_Agriculture,Total_Forestry,Total_Energy,Total_Urban/Industrial,Total_Transportation
Empidonax alnorum,Alder Flycatcher,1.88,723.61,198.11,18.14,585.86,0.04,22.91,3.45,0.06,3.72
Corvus brachyrhynchos,American Crow,371.89,15.48,-48.57,211.13,-31.56,26.08,1.28,-1.15,1.61,-0.45
Spinus tristis,American Goldfinch,124.76,-41.62,-92.90,20.94,57.14,11.38,-3.76,-2.58,0.20,0.96
Setophaga ruticilla,American Redstart,-77.00,122.28,75.12,-56.94,-69.49,-4.15,7.65,1.50,-0.30,-0.68
Turdus migratorius,American Robin,33.04,87.01,126.74,47.81,205.16,1.21,7.07,2.28,0.21,2.23
Picoides dorsalis,American Three-toed Woodpecker,-99.47,-65.85,-66.72,-100.00,-46.24,-1.67,-4.40,-0.84,-1.44,-0.48
Icterus galbula,Baltimore Oriole,145.30,-17.74,-26.77,46.24,-47.96,19.62,-2.00,-0.78,0.47,-1.08
Hirundo rustica,Barn Swallow,346.89,-11.45,95.61,552.47,194.49,11.77,-1.02,2.15,2.80,2.28
Setophaga castanea,Bay-breasted Warbler,-90.27,-84.04,-80.14,-94.45,-99.72,-4.28,-11.80,-1.44,-0.58,-0.86
Mniotilta varia,Black and white warbler,-44.98,141.97,168.41,-29.50,39.60,-2.08,6.99,2.68,-0.14,0.27
Picoides arcticus,Black-backed Woodpecker,-72.63,223.54,126.57,-100.00,-19.30,-1.20,4.95,1.67,-0.44,-0.09
Pica hudsonia,Black-billed Magpie,515.41,-63.03,-93.24,390.26,-59.43,52.26,-4.30,-2.29,3.21,-0.99
Setophaga fusca,Blackburnian Warbler,-98.90,-96.03,-98.32,-98.40,-98.75,-9.36,-9.32,-2.04,-0.71,-1.13
Poecile atricapillus,Black-capped Chickadee,-27.83,-11.90,10.66,0.62,-17.02,-1.53,-1.32,0.22,0.00,-0.21
Setophaga striata,Blackpoll Warbler,9.48,33.43,-32.89,-100.00,-14.50,0.08,0.85,-0.50,-0.15,-0.07
Setophaga virens,Black-throated Green Warbler,-99.73,-88.41,-59.52,-96.05,-69.56,-5.87,-15.02,-1.10,-1.07,-0.97
Vireo solitarius,Blue-headed Vireo,-75.51,-68.84,-11.50,-67.73,-66.42,-3.29,-8.50,-0.23,-0.33,-0.67
Cyanocitta cristata,Blue Jay,-33.59,38.44,0.96,115.46,-26.15,-3.30,4.87,0.03,1.05,-0.44
Poecile hudsonicus,Boreal Chickadee,-90.73,-76.61,-75.91,-96.03,-72.89,-3.65,-9.46,-1.72,-0.46,-0.84
Euphagus cyanocephalus,Brewer's Blackbird,200.01,74.09,-79.46,122.59,324.37,10.29,2.93,-2.17,0.88,4.87
Certhia americana,Brown Creeper,-98.84,-92.31,-95.39,-100.00,-100.00,-6.06,-13.80,-1.90,-0.57,-1.12
Molothrus ater,Brown-headed Cowbird,-6.00,-27.55,151.92,-11.38,-65.22,-0.34,-2.66,3.54,-0.09,-1.11
Perisoreus canadensis,Canada Jay,-87.95,-29.08,-33.08,-70.11,-89.17,-2.45,-2.51,-0.61,-0.26,-0.71
Cardellina canadensis,Canada Warbler,-97.72,-78.53,-74.45,-100.00,-80.81,-6.69,-9.65,-1.37,-0.62,-0.85
Setophaga tigrina,Cape May Warbler,-92.27,-80.93,-52.56,-50.90,-98.97,-3.75,-7.35,-0.94,-0.27,-0.67
Bombycilla cedrorum,Cedar Waxwing,-31.70,34.88,28.33,-24.87,-18.35,-1.36,3.39,0.55,-0.13,-0.21
Setophaga pensylvanica,Chestnut-sided Warbler,-69.20,-55.03,26.53,-100.00,-97.16,-2.64,-2.82,0.59,-1.06,-1.16
Spizella passerina,Chipping Sparrow,-67.41,-22.63,-11.53,-40.17,-24.67,-1.57,-1.54,-0.20,-0.14,-0.19
Spizella pallida,Clay-colored Sparrow,179.68,312.61,-17.12,85.15,125.22,12.05,15.12,-0.37,0.62,1.53
Chordeiles minor,Common Nighthawk,57.15,6.09,-30.93,-43.50,-14.10,0.55,0.12,-0.40,-0.21,-0.05
Corvus corax,Common Raven,81.21,63.91,11.07,-7.46,-21.18,3.62,5.72,0.22,-0.04,-0.24
Geothlypis trichas,Common Yellowthroat,-30.39,598.80,88.57,-32.59,374.62,-1.10,12.72,1.69,-0.14,2.67
Oporornis agilis,Connecticut Warbler,-21.04,-10.52,17.02,-36.99,-17.55,-1.06,-1.18,0.45,-0.25,-0.25
Junco hyemalis,Dark-eyed Junco,-85.65,-29.26,-30.44,-59.11,-87.18,-1.25,-1.81,-0.57,-0.17,-0.62
Picoides pubescens,Downy Woodpecker,-18.00,74.01,3.87,-53.86,-18.31,-0.86,6.24,0.07,-0.32,-0.19
Tyrannus tyrannus,Eastern Kingbird,77.91,63.40,-74.62,-4.70,-66.60,2.83,1.08,-1.76,-0.02,-0.58
Sayornis phoebe,Eastern Phoebe,36.99,0.00,-7.93,-42.72,-22.89,1.58,0.00,-0.14,-0.31,-0.18
Sturnus vulgaris,European Starling,561.29,-90.63,150.33,528.76,-89.89,37.31,-12.95,3.72,9.20,-2.15
Coccothraustes vespertinus,Evening Grosbeak,-55.41,-27.02,20.95,-100.00,-76.14,-4.08,-3.23,0.40,-0.75,-1.08
Passerella iliaca,Fox Sparrow,-34.48,15.57,-26.43,-78.04,-11.94,-0.22,0.18,-0.22,-0.11,-0.03
Regulus satrapa,Golden-crowned Kinglet,-96.96,-88.72,-87.86,-40.94,-97.61,-3.93,-15.30,-1.45,-0.16,-1.19
Dumetella carolinensis,Gray Catbird,33.79,-91.30,7.94,-61.69,-24.16,4.26,-7.25,0.22,-0.80,-0.57
Tringa melanoleuca,Greater Yellowlegs,-74.19,206.85,-6.21,-43.26,-99.45,-0.58,3.06,-0.12,-0.12,-0.41
Picoides villosus,Hairy Woodpecker,-57.92,-4.96,1.95,-88.84,-27.55,-2.39,-0.43,0.03,-0.39,-0.24
Catharus guttatus,Hermit Thrush,-19.42,139.67,48.48,-48.53,-50.57,-0.33,5.41,0.87,-0.15,-0.31
Eremophila alpestris,Horned Lark,1541.01,2469.13,691.44,-100.00,-100.00,86.88,0.00,6.71,-0.93,-1.76
Passer domesticus,House Sparrow,3.29,-87.13,18.35,313.88,-77.44,0.13,-0.90,0.50,1.48,-0.78
Troglodytes aedon,House Wren,105.85,-4.42,-71.20,67.32,-65.62,10.59,-0.49,-1.80,0.61,-1.32
Charadrius vociferus,Killdeer,404.79,287.62,233.21,559.56,145.81,20.08,17.93,4.68,3.19,1.65
Empidonax minimus,Least Flycatcher,-47.96,9.06,4.62,-50.91,-35.08,-2.69,0.66,0.09,-0.28,-0.38
Ammodramus leconteii,Le Conte's Sparrow,184.64,165.03,160.75,68.16,103.77,5.10,2.55,2.53,0.28,0.54
Tringa flavipes,Lesser Yellowlegs,11.91,53.22,-40.85,-71.45,-37.35,0.13,0.44,-0.73,-0.17,-0.13
Melospiza lincolnii,Lincoln's Sparrow,-2.77,256.20,87.27,-20.03,250.55,-0.06,10.29,1.80,-0.07,1.81
Setophaga magnolia,Magnolia Warbler,-68.94,48.33,37.88,-36.47,-83.85,-2.64,3.05,0.64,-0.15,-0.56
Cistothorus palustris,Marsh Wren,-9.91,34.95,-43.45,-100.00,-53.39,-0.36,0.17,-0.48,-0.42,-0.27
Poecile gambeli,Mountain Chickadee,-100.00,-88.34,-96.85,-100.00,-86.05,-0.61,-3.78,-2.21,-0.40,-1.07
Zenaida macroura,Mourning Dove,102.81,-57.37,-21.40,13.46,-26.29,14.05,-5.37,-0.63,0.17,-0.66
Geothlypis philadelphia,Mourning Warbler,-87.75,-4.91,-49.64,-68.30,89.68,-5.60,-0.76,-1.12,-0.44,1.25
Ammodramus nelsoni,Nelson's Sparrow,398.41,-2.85,109.61,-100.00,-99.81,16.23,-0.05,2.46,-0.67,-0.92
Colaptes auratus,Northern Flicker,49.85,214.91,71.88,-58.99,276.39,1.34,10.79,1.20,-0.24,2.01
Parkesia noveboracensis,Northern Waterthrush,-66.43,-2.63,-3.53,-74.90,-23.79,-1.27,-0.10,-0.05,-0.18,-0.13
Contopus cooperi,Olive-sided Flycatcher,-86.59,45.29,-85.79,-100.00,-99.64,-1.18,2.16,-1.36,-0.33,-0.63
Oreothlypis celata,Orange-crowned Warbler,-79.96,216.13,61.35,-59.79,96.01,-2.06,13.13,1.20,-0.24,0.98
Seiurus aurocapilla,Ovenbird,-79.46,-25.01,-47.77,-63.44,-96.97,-4.05,-2.46,-1.06,-0.41,-1.05
Setophaga palmarum,Palm Warbler,-77.23,26.73,4.78,-83.57,-97.25,-0.50,0.17,0.08,-0.24,-0.35
Vireo philadelphicus,Philadelphia Vireo,3.93,107.59,35.39,12.95,-16.06,0.13,8.53,0.75,0.05,-0.14
Dryocopus pileatus,Pileated Woodpecker,-72.59,-11.13,-7.20,-30.99,-26.28,-3.75,-1.19,-0.14,-0.19,-0.29
Spinus pinus,Pine Siskin,-73.00,-35.11,-53.76,-39.90,-86.65,-2.08,-4.37,-0.82,-0.17,-0.98
Haemorhous purpureus,Purple Finch,-67.73,33.21,-5.58,28.73,-26.37,-4.40,4.40,-0.11,0.16,-0.34
Sitta canadensis,Red-breasted Nuthatch,-87.38,-66.88,-63.13,-58.77,-54.30,-5.49,-10.76,-1.17,-0.43,-0.78
Vireo olivaceus,Red-eyed Vireo,21.57,136.00,83.72,-18.48,-33.84,1.01,9.59,1.71,-0.12,-0.36
Agelaius phoeniceus,Red-winged Blackbird,120.84,17.20,20.26,83.35,183.28,7.91,0.92,0.41,0.48,2.09
Columba livia,Rock Pigeon,10000.00,-100.00,10000.00,5014.45,2037.13,1723.82,-3.60,544.39,157.05,165.45
Pheucticus ludovicianus,Rose-breasted Grosbeak,-54.84,94.27,27.00,-76.02,-79.88,-3.76,9.69,0.55,-0.49,-0.94
Regulus calendula,Ruby-crowned Kinglet,-82.68,-54.63,-72.42,-79.79,-88.80,-1.40,-3.51,-1.48,-0.27,-0.73
Bonasa umbellus,Ruffed Grouse,-59.04,193.98,-9.64,-94.31,-6.92,-2.79,15.97,-0.21,-0.57,-0.09
Euphagus carolinus,Rusty Blackbird,-26.78,29.59,139.93,-100.00,192.94,-0.29,0.53,2.11,-0.27,0.67
Passerculus sandwichensis,Savannah Sparrow,1271.18,5.33,-84.34,366.54,-74.35,44.60,0.13,-0.97,3.98,-0.68
Cistothorus platensis,Sedge Wren,-55.15,7460.77,350.36,-100.00,174.48,-3.93,3.23,5.15,-3.03,2.14
Tringa solitaria,Solitary Sandpiper,-36.52,51.39,1.31,11.21,15.10,-0.84,1.37,0.03,0.04,0.10
Melospiza melodia,Song Sparrow,594.50,31.48,24.84,271.24,245.47,35.74,1.96,0.52,2.21,3.10
Porzana carolina,Sora,103.74,-29.44,91.69,-9.36,-75.25,4.12,-0.75,1.37,-0.04,-0.49
Actitis macularius,Spotted Sandpiper,68.03,57.58,82.87,132.47,88.76,1.12,1.93,0.90,1.02,0.75
Catharus ustulatus,Swainson's Thrush,-94.54,-37.96,-52.31,-75.65,-88.86,-3.59,-3.72,-0.96,-0.30,-0.82
Melospiza georgiana,Swamp Sparrow,-66.14,59.72,-13.94,-51.13,-35.54,-1.39,0.63,-0.24,-0.18,-0.17
Oreothlypis peregrina,Tennessee Warbler,-87.72,-10.91,16.56,-43.92,-49.13,-3.43,-0.95,0.30,-0.21,-0.38
Tachycineta bicolor,Tree Swallow,59.04,171.58,56.87,227.33,-3.91,1.85,6.04,1.08,0.95,-0.03
Ixoreus naevius,Varied Thrush,-99.98,-52.97,-25.86,-11.49,-86.85,-0.96,-5.57,-0.27,-0.03,-0.78
Catharus fuscescens,Veery,-81.04,38.95,-27.71,-100.00,-18.29,-6.05,2.11,-0.58,-0.84,-0.27
Pooecetes gramineus,Vesper Sparrow,637.37,87.24,-76.35,48.00,-58.51,50.94,5.81,-1.11,0.53,-0.78
Vireo gilvus,Warbling Vireo,-72.17,3.53,-35.23,-70.76,-73.39,-3.40,0.50,-0.79,-0.39,-1.16
Sturnella neglecta,Western Meadowlark,567.08,99.65,-86.07,39.55,-99.19,40.94,7.88,-1.90,0.57,-2.81
Piranga ludoviciana,Western Tanager,-96.22,-75.53,-53.39,-70.24,-65.60,-8.01,-10.21,-0.81,-0.44,-0.66
Contopus sordidulus,Western Wood-pewee,-41.43,28.35,-25.95,-54.48,-16.19,-1.59,2.15,-0.53,-0.27,-0.17
Sitta carolinensis,White-breasted Nuthatch,-31.06,-73.44,63.79,16.93,-13.78,-1.99,-13.20,1.82,0.12,-0.25
Zonotrichia leucophrys,White-crowned Sparrow,-91.96,229.34,57.02,39.60,32.88,-0.83,6.12,0.54,0.07,0.18
Zonotrichia albicollis,White-throated Sparrow,-48.38,106.73,52.81,-26.31,128.18,-2.32,9.35,1.07,-0.14,1.32
Loxia leucoptera,White-winged Crossbill,-95.16,-53.60,-38.74,3.92,-46.54,-2.33,-4.63,-0.77,0.01,-0.36
Gallinago delicata,Wilson's Snipe,11.65,156.72,11.02,-36.94,-77.27,0.33,6.10,0.22,-0.15,-0.58
Cardellina pusilla,Wilson's Warbler,-79.20,87.64,-69.60,-48.38,-37.48,-0.81,3.29,-0.91,-0.13,-0.22
Troglodytes hiemalis,Winter Wren,-99.24,-65.69,-23.32,-84.99,-92.35,-6.28,-10.21,-0.41,-0.41,-0.87
Empidonax flaviventris,Yellow-bellied Flycatcher,17.71,213.47,-29.00,-61.23,-99.64,0.19,3.10,-0.40,-0.13,-0.41
Sphyrapicus varius,Yellow-bellied Sapsucker,-47.98,36.42,25.44,-70.03,-22.20,-2.85,4.51,0.53,-0.42,-0.28
Xanthocephalus xanthocephalus,Yellow-headed Blackbird,56.12,25.90,294.85,-58.19,-14.79,4.95,0.83,4.05,-0.35,-0.17
Setophaga coronata,Yellow-rumped Warbler,-90.08,-56.42,-43.10,-69.85,-96.65,-2.66,-5.65,-0.85,-0.26,-0.92
Setophaga petechia,Yellow Warbler,-9.10,-1.38,-9.18,-21.03,62.90,-0.57,-0.10,-0.18,-0.13,0.76
,,,,,,,,,,,
,,,,,,,,,,,
,,,,,,,,,,,
,,,,,,,,,,,
,,,,,,,,,,,
,,,,,,,,,,,
,,,,,,,,,,,
,,,,,,,,,,,
,,,,,,,,,,,
,,,,,,,,,,,
,,,,,,,,,,,
,,,,,,,,,,,
,,,,,,,,,,,
,,,,,,,,,,,
,,,,,,,,,,,
,,,,,,,,,,,
,,,,,,,,,,,
,,,,,,,,,,,
,,,,,,,,,,,
,,,,,,,,,,,
,,,,,,,,,,,
,,,,,,,,,,,
,,,,,,,,,,,
,,,,,,,,,,,
,,,,,,,,,,,
,,,,,,,,,,,
,,,,,,,,,,,
,,,,,,,,,,,
,,,,,,,,,,,
,,,,,,,,,,,
,,,,,,,,,,,
,,,,,,,,,,,
,,,,,,,,,,,
,,,,,,,,,,,
,,,,,,,,,,,
,,,,,,,,,,,
,,,,,,,,,,,
,,,,,,,,,,,
,,,,,,,,,,,
,,,,,,,,,,,
,,,,,,,,,,,
,,,,,,,,,,,
,,,,,,,,,,,
,,,,,,,,,,,
,,,,,,,,,,,
,,,,,,,,,,,
,,,,,,,,,,,
,,,,,,,,,,,
,,,,,,,,,,,
,,,,,,,,,,,
,,,,,,,,,,,
,,,,,,,,,,,
,,,,,,,,,,,
,,,,,,,,,,,
,,,,,,,,,,,
,,,,,,,,,,,
,,,,,,,,,,,
,,,,,,,,,,,
,,,,,,,,,,,
,,,,,,,,,,,
,,,,,,,,,,,
,,,,,,,,,,,
,,,,,,,,,,,
,,,,,,,,,,,
,,,,,,,,,,,
,,,,,,,,,,,
,,,,,,,,,,,
,,,,,,,,,,,
,,,,,,,,,,,
,,,,,,,,,,,
,,,,,,,,,,,
,,,,,,,,,,,
,,,,,,,,,,,
,,,,,,,,,,,
,,,,,,,,,,,
,,,,,,,,,,,
,,,,,,,,,,,
,,,,,,,,,,,
,,,,,,,,,,,
,,,,,,,,,,,
,,,,,,,,,,,
,,,,,,,,,,,
,,,,,,,,,,,
,,,,,,,,,,,
,,,,,,,,,,,
,,,,,,,,,,,
,,,,,,,,,,,
,,,,,,,,,,,
,,,,,,,,,,,
,,,,,,,,,,,
,,,,,,,,,,,
,,,,,,,,,,,
,,,,,,,,,,,
,,,,,,,,,,,
,,,,,,,,,,,
,,,,,,,,,,,
,,,,,,,,,,,
,,,,,,,,,,,
,,,,,,,,,,,
,,,,,,,,,,,
,,,,,,,,,,,
,,,,,,,,,,,
,,,,,,,,,,,
,,,,,,,,,,,
,,,,,,,,,,,
,,,,,,,,,,,
,,,,,,,,,,,
,,,,,,,,,,,
,,,,,,,,,,,
,,,,,,,,,,,
,,,,,,,,,,,
,,,,,,,,,,,
,,,,,,,,,,,
,,,,,,,,,,,
,,,,,,,,,,,
,,,,,,,,,,,
,,,,,,,,,,,
,,,,,,,,,,,
,,,,,,,,,,,
,,,,,,,,,,,
,,,,,,,,,,,
,,,,,,,,,,,
,,,,,,,,,,,
,,,,,,,,,,,
,,,,,,,,,,,
,,,,,,,,,,,
,,,,,,,,,,,
,,,,,,,,,,,
,,,,,,,,,,,
,,,,,,,,,,,
,,,,,,,,,,,
,,,,,,,,,,,
,,,,,,,,,,,
,,,,,,,,,,,
,,,,,,,,,,,
,,,,,,,,,,,
,,,,,,,,,,,
,,,,,,,,,,,
,,,,,,,,,,,
,,,,,,,,,,,
,,,,,,,,,,,
,,,,,,,,,,,
,,,,,,,,,,,
,,,,,,,,,,,
,,,,,,,,,,,
,,,,,,,,,,,
,,,,,,,,,,,
,,,,,,,,,,,
,,,,,,,,,,,
,,,,,,,,,,,
,,,,,,,,,,,
,,,,,,,,,,,
,,,,,,,,,,,
,,,,,,,,,,,
,,,,,,,,,,,
,,,,,,,,,,,
,,,,,,,,,,,
,,,,,,,,,,,
,,,,,,,,,,,
,,,,,,,,,,,
,,,,,,,,,,,
,,,,,,,,,,,
,,,,,,,,,,,
,,,,,,,,,,,
,,,,,,,,,,,
,,,,,,,,,,,
,,,,,,,,,,,
,,,,,,,,,,,
,,,,,,,,,,,
,,,,,,,,,,,
,,,,,,,,,,,
,,,,,,,,,,,
,,,,,,,,,,,
,,,,,,,,,,,
,,,,,,,,,,,
,,,,,,,,,,,
,,,,,,,,,,,
,,,,,,,,,,,
,,,,,,,,,,,
,,,,,,,,,,,
,,,,,,,,,,,
,,,,,,,,,,,
,,,,,,,,,,,
,,,,,,,,,,,
,,,,,,,,,,,
,,,,,,,,,,,
,,,,,,,,,,,
,,,,,,,,,,,
,,,,,,,,,,,
